Name,Gene(s),Protein change,Condition(s),Accession,GRCh37Chromosome,GRCh37Location,GRCh38Chromosome,GRCh38Location,VariationID,AlleleID(s),dbSNP ID,Canonical SPDI,Variant type,Molecular consequence,Germline classification,Germline date last evaluated,Germline review status,Somatic clinical impact,Somatic clinical impact date last evaluated,Somatic clinical impact review status,Oncogenicity classification,Oncogenicity date last evaluated,Oncogenicity review status,Unnamed: 24
NM_001008212.2(OPTN):c.1195G>T (p.Glu399Ter),OPTN,E399*,"Glaucoma 1, open angle, E|Amyotrophic lateral sclerosis type 12|Primary open angle glaucoma|not provided",VCV001917899,10,13167992,10,13125992,1917899,1968183,,NC_000010.11:13125991:G:T,single nucleotide variant,nonsense,Pathogenic/Likely pathogenic,"Aug 27, 2023","criteria provided, multiple submitters, no conflicts",,,,,,,
NM_001008212.2(OPTN):c.493C>T (p.Gln165Ter),OPTN,Q165*,"Amyotrophic lateral sclerosis type 10|Glaucoma 1, open angle, E|Amyotrophic lateral sclerosis type 12|Primary open angle glaucoma",VCV001801690,10,13154576,10,13112576,1801690,1858882,,NC_000010.11:13112575:C:T,single nucleotide variant,nonsense,Pathogenic/Likely pathogenic,"Aug 15, 2022","criteria provided, multiple submitters, no conflicts",,,,,,,
NM_001008212.2(OPTN):c.1204_1210del (p.Asn401_Asn402insTer),OPTN,,OPTN-related disorder,VCV002636905,10,13167999 - 13168005,10,13125999 - 13126005,2636905,2802483,,NC_000010.11:13125998:ATAATGCAT:AT,Deletion,nonsense,Likely pathogenic,"Jan 30, 2023","criteria provided, single submitter",,,,,,,
NM_001008212.2(OPTN):c.565G>T (p.Glu189Ter),OPTN,E189*,not provided,VCV000988573,10,13158279,10,13116279,988573,976322,rs1564360451,NC_000010.11:13116278:G:T,single nucleotide variant,nonsense,Pathogenic,"May 27, 2019","criteria provided, single submitter",,,,,,,
NM_001008212.2(OPTN):c.1552C>T (p.Gln518Ter),OPTN,Q518*,"Amyotrophic lateral sclerosis type 12|Primary open angle glaucoma|Glaucoma 1, open angle, E",VCV002198963,10,13175521,10,13133521,2198963,1930711,,NC_000010.11:13133520:C:T,single nucleotide variant,nonsense,Pathogenic,"Sep 27, 2023","criteria provided, single submitter",,,,,,,
NM_001008212.2(OPTN):c.649A>T (p.Arg217Ter),OPTN,R217*,"Amyotrophic lateral sclerosis type 12|Primary open angle glaucoma|Glaucoma 1, open angle, E",VCV002126803,10,13160910,10,13118910,2126803,2178116,,NC_000010.11:13118909:A:T,single nucleotide variant,nonsense,Pathogenic,"Apr 16, 2022","criteria provided, single submitter",,,,,,,
NM_001008212.2(OPTN):c.241G>T (p.Glu81Ter),LOC108903148|OPTN,E81*,"Primary open angle glaucoma|Amyotrophic lateral sclerosis type 12|Glaucoma 1, open angle, E",VCV002929988,10,13152348,10,13110348,2929988,3090844,,NC_000010.11:13110347:G:T,single nucleotide variant,nonsense,Pathogenic,"Jun 15, 2023","criteria provided, single submitter",,,,,,,
NM_001008212.2(OPTN):c.235C>T (p.Gln79Ter),OPTN|LOC108903148,Q79*,"Primary open angle glaucoma|Glaucoma 1, open angle, E|Amyotrophic lateral sclerosis type 12",VCV002061646,10,13152342,10,13110342,2061646,2120794,,NC_000010.11:13110341:C:T,single nucleotide variant,nonsense,Pathogenic,"Sep 13, 2023","criteria provided, single submitter",,,,,,,
NM_001008212.2(OPTN):c.1003C>T (p.Gln335Ter),OPTN,Q335*,Inborn genetic diseases,VCV001775090,10,13167422,10,13125422,1775090,1833675,,NC_000010.11:13125421:C:T,single nucleotide variant,nonsense,Pathogenic,"Dec 19, 2022","criteria provided, single submitter",,,,,,,
NM_001008212.2(OPTN):c.375del (p.Thr126fs),OPTN,T126fs,not provided,VCV002682916,10,13154455,10,13112455,2682916,2843944,,NC_000010.11:13112454:CCCC:CCC,Deletion,frameshift variant,Likely pathogenic,"Nov 29, 2023","criteria provided, multiple submitters, no conflicts",,,,,,,
NM_001008212.2(OPTN):c.1304dup (p.Ala436fs),OPTN,A436fs,"Primary open angle glaucoma|Amyotrophic lateral sclerosis type 12|Glaucoma 1, open angle, E|not provided",VCV000817138,10,13169804 - 13169805,10,13127804 - 13127805,817138,805636,rs1588449569,NC_000010.11:13127804:AA:AAA,Duplication,frameshift variant,Pathogenic/Likely pathogenic,"Dec 20, 2022","criteria provided, multiple submitters, no conflicts",,,,,,,
NM_001008212.2(OPTN):c.76dup (p.His26fs),LOC108903148|OPTN,H26fs,"Primary open angle glaucoma|Amyotrophic lateral sclerosis type 12|Glaucoma 1, open angle, E|OPTN-related disorder|not provided",VCV001323386,10,13151191 - 13151192,10,13109191 - 13109192,1323386,1313671,rs753966040,NC_000010.11:13109191:CCCCCCC:CCCCCCCC,Duplication,frameshift variant,Pathogenic/Likely pathogenic,"Jan 30, 2023","criteria provided, multiple submitters, no conflicts",,,,,,,
NM_001008212.2(OPTN):c.918_922del (p.Thr307fs),OPTN,T307fs,"Amyotrophic lateral sclerosis type 12|Primary open angle glaucoma|Amyotrophic lateral sclerosis type 12|Glaucoma 1, open angle, E",VCV000191266,10,13166029 - 13166033,10,13124029 - 13124033,191266,189069,rs786205611,NC_000010.11:13124028:TGACAT:T,Deletion,frameshift variant,Pathogenic/Likely pathogenic,"Mar 25, 2024","criteria provided, multiple submitters, no conflicts",,,,,,,
NM_001008212.2(OPTN):c.785C>A (p.Ser262Ter),OPTN,S262*,"Primary open angle glaucoma|Amyotrophic lateral sclerosis type 12|Glaucoma 1, open angle, E|Inborn genetic diseases",VCV001455344,10,13164390,10,13122390,1455344,1020701,rs750571210,NC_000010.11:13122389:C:A,single nucleotide variant,nonsense,Pathogenic,"Feb 9, 2023","criteria provided, multiple submitters, no conflicts",,,,,,,
NM_001008212.2(OPTN):c.1453del (p.Ile485fs),OPTN,I485fs,not provided,VCV002506647,10,13174115,10,13132115,2506647,2671620,,NC_000010.11:13132114:AAAA:AAA,Deletion,frameshift variant,Likely pathogenic,"Jun 23, 2023","criteria provided, single submitter",,,,,,,
NM_001008212.2(OPTN):c.772_775AAAG[1] (p.Arg260fs),OPTN,R260fs,not provided,VCV002690664,10,13161033 - 13161036,10,13119033 - 13119036,2690664,2851696,,NC_000010.11:13119032:AAAGAAAG:AAAG,Microsatellite,frameshift variant,Likely pathogenic,"Feb 10, 2023","criteria provided, single submitter",,,,,,,
NM_001008212.2(OPTN):c.1078_1079del (p.Lys360fs),OPTN,K360fs,"Amyotrophic lateral sclerosis type 12|not provided|Primary open angle glaucoma|Amyotrophic lateral sclerosis type 12|Glaucoma 1, open angle, E",VCV000873266,10,13167494 - 13167495,10,13125494 - 13125495,873266,861367,rs1833438306,NC_000010.11:13125493:AAAAA:AAA,Deletion,frameshift variant,Pathogenic/Likely pathogenic,"Aug 16, 2023","criteria provided, multiple submitters, no conflicts",,,,,,,
NM_001008212.2(OPTN):c.875dup (p.Glu293fs),OPTN,E293fs,Amyotrophic lateral sclerosis type 12,VCV000873265,10,13164477 - 13164478,10,13122477 - 13122478,873265,861366,rs1833371664,NC_000010.11:13122477:CCC:CCCC,Duplication,frameshift variant,Likely pathogenic,"Mar 31, 2020","criteria provided, single submitter",,,,,,,
NM_001008212.2(OPTN):c.1320del (p.Lys440fs),OPTN,K440fs,not provided,VCV001175766,10,13169820,10,13127820,1175766,1165939,rs1200521614,NC_000010.11:13127819:AAA:AA,Deletion,frameshift variant,Pathogenic,"Jun 1, 2021","criteria provided, single submitter",,,,,,,
NM_001008212.2(OPTN):c.1217del (p.Thr406fs),OPTN,T406fs,Amyotrophic lateral sclerosis type 12,VCV000873267,10,13168014,10,13126014,873267,861368,rs1833451208,NC_000010.11:13126013:C:,Deletion,frameshift variant,Pathogenic,"Mar 31, 2020","criteria provided, single submitter",,,,,,,
NM_001008212.2(OPTN):c.419_420insTC (p.Lys140fs),OPTN,K140fs,"Primary open angle glaucoma|Amyotrophic lateral sclerosis type 12|Glaucoma 1, open angle, E",VCV002940980,10,13154502 - 13154503,10,13112502 - 13112503,2940980,3096853,,NC_000010.11:13112502::TC,Insertion,frameshift variant,Pathogenic,"Nov 6, 2022","criteria provided, single submitter",,,,,,,
NM_001008212.2(OPTN):c.450dup (p.Gln151fs),OPTN,Q151fs,"Amyotrophic lateral sclerosis type 12|Primary open angle glaucoma|Glaucoma 1, open angle, E",VCV002938067,10,13154532 - 13154533,10,13112532 - 13112533,2938067,3106198,,NC_000010.11:13112532:A:AA,Duplication,frameshift variant,Pathogenic,"Feb 1, 2023","criteria provided, single submitter",,,,,,,
NM_001008212.2(OPTN):c.1103del (p.Met368fs),OPTN,M368fs,"Primary open angle glaucoma|Amyotrophic lateral sclerosis type 12|Glaucoma 1, open angle, E",VCV002936645,10,13167522,10,13125522,2936645,3102893,,NC_000010.11:13125521:T:,Deletion,frameshift variant,Pathogenic,"Feb 20, 2023","criteria provided, single submitter",,,,,,,
NM_001008212.2(OPTN):c.523del (p.Glu175fs),OPTN,E175fs,"Primary open angle glaucoma|Amyotrophic lateral sclerosis type 12|Glaucoma 1, open angle, E",VCV002931123,10,13154606,10,13112606,2931123,3084192,,NC_000010.11:13112605:G:,Deletion,frameshift variant,Pathogenic,"Nov 29, 2022","criteria provided, single submitter",,,,,,,
NM_001008212.2(OPTN):c.1318_1334dup (p.Asp445fs),OPTN,D445fs,"Primary open angle glaucoma|Amyotrophic lateral sclerosis type 12|Glaucoma 1, open angle, E",VCV002928942,10,13169819 - 13169820,10,13127819 - 13127820,2928942,3087205,,NC_000010.11:13127819:AAACAGCTGCAAATGGA:AAACAGCTGCAAATGGAAAACAGCTGCAAATGGA,Duplication,frameshift variant,Pathogenic,"Dec 18, 2023","criteria provided, single submitter",,,,,,,
NM_001008212.2(OPTN):c.666del (p.Lys223fs),OPTN,K223fs,"Amyotrophic lateral sclerosis type 12|Primary open angle glaucoma|Glaucoma 1, open angle, E",VCV002090693,10,13160926,10,13118926,2090693,2148497,,NC_000010.11:13118925:CC:C,Deletion,frameshift variant,Pathogenic,"Jan 28, 2022","criteria provided, single submitter",,,,,,,
NM_001008212.2(OPTN):c.986_990del (p.Arg329fs),OPTN,R329fs,"Primary open angle glaucoma|Glaucoma 1, open angle, E|Amyotrophic lateral sclerosis type 12",VCV001451918,10,13166098 - 13166102,10,13124098 - 13124102,1451918,1438678,rs778911925,NC_000010.11:13124097:GACTT:,Deletion,frameshift variant,Pathogenic,"Feb 22, 2022","criteria provided, single submitter",,,,,,,
NM_001008212.2(OPTN):c.1241_1242del (p.Glu414fs),OPTN,E414fs,"Amyotrophic lateral sclerosis type 12|Glaucoma 1, open angle, E|Primary open angle glaucoma",VCV001409027,10,13168036 - 13168037,10,13126036 - 13126037,1409027,1496816,rs774772178,NC_000010.11:13126035:AGAG:AG,Microsatellite,frameshift variant,Pathogenic,"Aug 16, 2022","criteria provided, single submitter",,,,,,,
NM_001008212.2(OPTN):c.1289_1290del (p.Leu430fs),OPTN,L430fs,"Primary open angle glaucoma|Amyotrophic lateral sclerosis type 12|Glaucoma 1, open angle, E",VCV002042501,10,13169791 - 13169792,10,13127791 - 13127792,2042501,2099093,,NC_000010.11:13127790:TG:,Deletion,frameshift variant,Pathogenic,"Apr 11, 2022","criteria provided, single submitter",,,,,,,
NM_001008212.2(OPTN):c.158_161dup (p.Lys55fs),LOC108903148|OPTN,K55fs,"Amyotrophic lateral sclerosis type 12|Glaucoma 1, open angle, E|Primary open angle glaucoma",VCV000576203,10,13151279 - 13151280,10,13109279 - 13109280,576203,569554,rs1564354968,NC_000010.11:13109279:AGCT:AGCTAGCT,Duplication,frameshift variant,Pathogenic,"Jun 16, 2017","criteria provided, single submitter",,,,,,,
NM_001008212.2(OPTN):c.381_382insAG (p.Asp128fs),OPTN,D128fs,"not provided|Amyotrophic lateral sclerosis type 12|Glaucoma 1, open angle, E|Primary open angle glaucoma",VCV000647662,10,13154464 - 13154465,10,13112464 - 13112465,647662,638772,rs774258585,NC_000010.11:13112464::AG,Insertion,frameshift variant,Pathogenic,"Jan 29, 2024","criteria provided, multiple submitters, no conflicts",,,,,,,
